{
  "best_global_step": null,
  "best_metric": null,
  "best_model_checkpoint": null,
  "epoch": 1.0,
  "eval_steps": 500,
  "global_step": 16,
  "is_hyper_param_search": false,
  "is_local_process_zero": true,
  "is_world_process_zero": true,
  "log_history": [
    {
      "entropy": 2.089587703347206,
      "epoch": 0.3305785123966942,
      "grad_norm": 6.509457588195801,
      "learning_rate": 0.0001979961705036587,
      "loss": 2.8638547897338866,
      "mean_token_accuracy": 0.5015620902180672,
      "num_tokens": 5357.0,
      "step": 5
    },
    {
      "entropy": 1.932239791750908,
      "epoch": 0.6611570247933884,
      "grad_norm": 1.8761265277862549,
      "learning_rate": 0.00018604015792601396,
      "loss": 1.9617433547973633,
      "mean_token_accuracy": 0.5986967101693154,
      "num_tokens": 11046.0,
      "step": 10
    },
    {
      "entropy": 1.4957157641649246,
      "epoch": 0.9917355371900827,
      "grad_norm": 2.262407064437866,
      "learning_rate": 0.00016456278515588024,
      "loss": 1.4579452514648437,
      "mean_token_accuracy": 0.6631110295653343,
      "num_tokens": 16140.0,
      "step": 15
    }
  ],
  "logging_steps": 5,
  "max_steps": 48,
  "num_input_tokens_seen": 0,
  "num_train_epochs": 3,
  "save_steps": 500,
  "stateful_callbacks": {
    "TrainerControl": {
      "args": {
        "should_epoch_stop": false,
        "should_evaluate": false,
        "should_log": false,
        "should_save": true,
        "should_training_stop": false
      },
      "attributes": {}
    }
  },
  "total_flos": 117857497311744.0,
  "train_batch_size": 2,
  "trial_name": null,
  "trial_params": null
}
