{
  "aA0.0_aS0.0": {
    "asym": 0.0,
    "syco": 60.0,
    "thought": 0.3333333333333333,
    "user": 0.3333333333333333
  },
  "aA0.0_aS0.25": {
    "asym": -8.333333333333332,
    "syco": 70.0,
    "thought": 0.3333333333333333,
    "user": 0.25
  },
  "aA0.0_aS0.5": {
    "asym": 0.0,
    "syco": 90.0,
    "thought": 0.25,
    "user": 0.25
  },
  "aA0.0_aS0.75": {
    "asym": 0.0,
    "syco": 90.0,
    "thought": 0.25,
    "user": 0.25
  },
  "aA0.25_aS0.0": {
    "asym": -8.333333333333332,
    "syco": 60.0,
    "thought": 0.3333333333333333,
    "user": 0.25
  },
  "aA0.25_aS0.25": {
    "asym": -16.666666666666668,
    "syco": 80.0,
    "thought": 0.4166666666666667,
    "user": 0.25
  },
  "aA0.25_aS0.5": {
    "asym": -16.666666666666664,
    "syco": 80.0,
    "thought": 0.3333333333333333,
    "user": 0.16666666666666666
  },
  "aA0.25_aS0.75": {
    "asym": 0.0,
    "syco": 70.0,
    "thought": 0.16666666666666666,
    "user": 0.16666666666666666
  },
  "aA0.5_aS0.0": {
    "asym": -16.666666666666668,
    "syco": 20.0,
    "thought": 0.25,
    "user": 0.08333333333333333
  },
  "aA0.5_aS0.25": {
    "asym": -16.666666666666664,
    "syco": 30.0,
    "thought": 0.3333333333333333,
    "user": 0.16666666666666666
  },
  "aA0.5_aS0.5": {
    "asym": -8.333333333333334,
    "syco": 40.0,
    "thought": 0.25,
    "user": 0.16666666666666666
  },
  "aA0.5_aS0.75": {
    "asym": -8.333333333333332,
    "syco": 40.0,
    "thought": 0.16666666666666666,
    "user": 0.08333333333333333
  },
  "aA0.75_aS0.0": {
    "asym": -16.666666666666668,
    "syco": 10.0,
    "thought": 0.25,
    "user": 0.08333333333333333
  },
  "aA0.75_aS0.25": {
    "asym": -8.333333333333332,
    "syco": 10.0,
    "thought": 0.16666666666666666,
    "user": 0.08333333333333333
  },
  "aA0.75_aS0.5": {
    "asym": 8.333333333333332,
    "syco": 10.0,
    "thought": 0.08333333333333333,
    "user": 0.16666666666666666
  },
  "aA0.75_aS0.75": {
    "asym": 16.666666666666668,
    "syco": 20.0,
    "thought": 0.08333333333333333,
    "user": 0.25
  }
}