{
  "best_global_step": null,
  "best_metric": null,
  "best_model_checkpoint": null,
  "epoch": 1.0,
  "eval_steps": 500,
  "global_step": 17,
  "is_hyper_param_search": false,
  "is_local_process_zero": true,
  "is_world_process_zero": true,
  "log_history": [
    {
      "entropy": 1.6805782079696656,
      "epoch": 0.3076923076923077,
      "grad_norm": 2.121363401412964,
      "learning_rate": 0.00019594929736144976,
      "loss": 3.077410125732422,
      "mean_token_accuracy": 0.5503668643534183,
      "num_tokens": 5147.0,
      "step": 5
    },
    {
      "entropy": 1.5351867228746414,
      "epoch": 0.6153846153846154,
      "grad_norm": 1.819066047668457,
      "learning_rate": 0.00017237340381050703,
      "loss": 1.6939847946166993,
      "mean_token_accuracy": 0.6392637759447097,
      "num_tokens": 10796.0,
      "step": 10
    },
    {
      "entropy": 1.3272065937519073,
      "epoch": 0.9230769230769231,
      "grad_norm": 1.0642492771148682,
      "learning_rate": 0.00013270679633174218,
      "loss": 1.2471253395080566,
      "mean_token_accuracy": 0.7154350474476814,
      "num_tokens": 16544.0,
      "step": 15
    }
  ],
  "logging_steps": 5,
  "max_steps": 34,
  "num_input_tokens_seen": 0,
  "num_train_epochs": 2,
  "save_steps": 500,
  "stateful_callbacks": {
    "TrainerControl": {
      "args": {
        "should_epoch_stop": false,
        "should_evaluate": false,
        "should_log": false,
        "should_save": true,
        "should_training_stop": false
      },
      "attributes": {}
    }
  },
  "total_flos": 348411340505088.0,
  "train_batch_size": 1,
  "trial_name": null,
  "trial_params": null
}
